{
    "loss": 0.12362710386514664,
    "accuracy": 0.9508928656578064
}