{
    "loss": 0.12056513875722885,
    "accuracy": 0.9553571343421936
}