{
    "loss": 0.13449855148792267,
    "accuracy": 0.96875
}